{
  "var": {
    "profile": 7.7722532627105005,
    "solv_surf_mask": 0.12582494473845704,
    "hhblits_profile_mask": 0.0,
    "alpha_mask": 0.01956494647735458,
    "profile_mask": 0.043143390356607685,
    "pseudo_bias": 0.08418456415659752,
    "ccmpred_mask": 0.2017114719252533,
    "deletion_matrix": 2.2393931573319326,
    "gap_matrix": 0.028324821954367026,
    "secstruct_boundaries_mask": 0.12634537564311993,
    "aatype": 0.045065581729971424,
    "msa_entropy_mask": 0.0,
    "resolution": 0.3894672442886175,
    "target_similarity": 0.02008862503778112,
    "position_std": 3.961486239597139,
    "cluster_weights": 0.0,
    "deletion_probability": 0.0019028543947306425,
    "hhblits_profile": 0.010697664885933307,
    "seq_length": 9119.853867706563,
    "ccmpred_out": 0.007146967059058524,
    "num_alignments": 379183.7837664499,
    "omega_angles": 29693.394104117207,
    "phi_mask": 0.024390875902747525,
    "pseudo_frob": 0.004789253466253083,
    "eff_num_alignments_mask": 0.0,
    "eff_num_alignments": 257213.20308574277,
    "solv_surf": 0.07285014151779962,
    "psi_angles": 7808.140687552519,
    "psi_mask": 0.024395806543596302,
    "alpha_positions": 1659.8096928761843,
    "omega_mask": 0.025850062559623403,
    "mutual_information": 0.02643774732506935,
    "sec_structure_mask": 0.0,
    "beta_mask": 0.020135291945545496,
    "sec_structure": 0.10874109739726233,
    "phi_angles": 2648.5195055387007,
    "target_similarity_mask": 0.0,
    "msa_entropy": 0.0,
    "pseudolikelihood": 0.0004309271377500254,
    "beta_positions": 1652.273157084148
  },
  "max": {
    "profile": 13.460000038146973,
    "solv_surf_mask": 1,
    "hhblits_profile_mask": 1,
    "alpha_mask": 1,
    "profile_mask": 1,
    "pseudo_bias": null,
    "ccmpred_mask": 1,
    "deletion_matrix": 1740.0,
    "gap_matrix": 0.999722067815453,
    "secstruct_boundaries_mask": 1,
    "aatype": 1.0,
    "msa_entropy_mask": 0,
    "resolution": 4.0,
    "target_similarity": 1.0,
    "position_std": 265.1993713378906,
    "cluster_weights": 0.0,
    "deletion_probability": 0.9957264957264957,
    "hhblits_profile": 1.0,
    "seq_length": 512,
    "ccmpred_out": null,
    "num_alignments": 4181,
    "omega_angles": 180.0,
    "phi_mask": 1,
    "pseudo_frob": 2.3851709365844727,
    "eff_num_alignments_mask": 1,
    "eff_num_alignments": 2860.90283203125,
    "solv_surf": 2.1785714626312256,
    "psi_angles": 179.9999542236328,
    "psi_mask": 1,
    "alpha_positions": 842.093994140625,
    "omega_mask": 1,
    "mutual_information": 2.86244535446167,
    "sec_structure_mask": 1,
    "beta_mask": 1,
    "sec_structure": 1,
    "phi_angles": 179.99932861328125,
    "target_similarity_mask": 1,
    "msa_entropy": 0.0,
    "pseudolikelihood": null,
    "beta_positions": 841.9959716796875
  },
  "mean": {
    "profile": -1.7156619355658913,
    "solv_surf_mask": 0.8523848601089321,
    "hhblits_profile_mask": 1.0,
    "alpha_mask": 0.9800365182643225,
    "profile_mask": 0.9548149309655104,
    "pseudo_bias": 8.345148963045287e-08,
    "ccmpred_mask": 0.7197466340530088,
    "deletion_matrix": 0.0751338047343874,
    "gap_matrix": 0.12678124225954865,
    "secstruct_boundaries_mask": 0.1483543561033427,
    "aatype": 0.047619047619047596,
    "msa_entropy_mask": 0.0,
    "resolution": 1.8708221642777612,
    "target_similarity": 0.17596152946860777,
    "position_std": 0.12111652052101898,
    "cluster_weights": 0.0,
    "deletion_probability": 0.014957417240889859,
    "hhblits_profile": 0.04545454549491585,
    "seq_length": 195.5502768099735,
    "ccmpred_out": 0.08562117212332515,
    "num_alignments": 1345.5398603083524,
    "omega_angles": 22.930978859800113,
    "phi_mask": 0.9749832952433926,
    "pseudo_frob": -0.002825596772436265,
    "eff_num_alignments_mask": 1.0,
    "eff_num_alignments": 879.1555611889481,
    "solv_surf": 0.2777456299084679,
    "psi_angles": 37.18862437840656,
    "psi_mask": 0.9749781048856565,
    "alpha_positions": 21.008637628563683,
    "omega_mask": 0.9734447639397986,
    "mutual_information": 0.011319751923838266,
    "sec_structure_mask": 1.0,
    "beta_mask": 0.9794420857152066,
    "sec_structure": 0.125,
    "phi_angles": -74.59693032556798,
    "target_similarity_mask": 1.0,
    "msa_entropy": 0.0,
    "pseudolikelihood": 1.3395528534509494e-09,
    "beta_positions": 20.95843747870018
  },
  "min": {
    "profile": -15.109999656677246,
    "solv_surf_mask": 0,
    "hhblits_profile_mask": 1,
    "alpha_mask": 0,
    "profile_mask": 0,
    "pseudo_bias": null,
    "ccmpred_mask": 0,
    "deletion_matrix": 0.0,
    "gap_matrix": 0.0,
    "secstruct_boundaries_mask": 0,
    "aatype": 0.0,
    "msa_entropy_mask": 0,
    "resolution": 0,
    "target_similarity": 0.0,
    "position_std": 0.0,
    "cluster_weights": 0.0,
    "deletion_probability": 0.0,
    "hhblits_profile": 0.0,
    "seq_length": 11,
    "ccmpred_out": null,
    "num_alignments": 1,
    "omega_angles": -180.0,
    "phi_mask": 0,
    "pseudo_frob": -3.623279571533203,
    "eff_num_alignments_mask": 1,
    "eff_num_alignments": 1.0,
    "solv_surf": 0.0,
    "psi_angles": -179.99978637695312,
    "psi_mask": 0,
    "alpha_positions": -502.1180114746094,
    "omega_mask": 0,
    "mutual_information": -0.43842363357543945,
    "sec_structure_mask": 1,
    "beta_mask": 0,
    "sec_structure": 0,
    "phi_angles": -179.9979705810547,
    "target_similarity_mask": 1,
    "msa_entropy": 0.0,
    "pseudolikelihood": null,
    "beta_positions": -503.07000732421875
  }
}
