{
  "var": {
    "position_std": 3.9563920388768694,
    "hhblits_profile_mask": 0.0,
    "sec_structure_mask": 0.0,
    "psi_mask": 0.02447993165756572,
    "target_similarity_mask": 0.0,
    "beta_positions": 1658.3002552438895,
    "neff_mask": 0.0,
    "num_effective_alignments": 120835.28450858955,
    "hmm_profile": 0.07365483241305236,
    "profile_mask": 0.0,
    "pseudolikelihood": 0.000210581963866214,
    "num_alignments": 223595.88520227518,
    "omega_angles": 29690.371312817402,
    "profile_with_prior": 0.006202517506471441,
    "pseudo_frob": 0.002234382825892459,
    "deletion_probability": 0.0022840479293921253,
    "hhblits_profile": 0.011615915351087787,
    "target_similarity": 0.029779181819946113,
    "psi_angles": 7807.806194681741,
    "beta_mask": 0.020221023526276256,
    "log_profile_with_prior": 3.548641200840598,
    "deletion_matrix": 2.2146086719939113,
    "solv_surf": 0.0728466224136667,
    "omega_mask": 0.025934625283699667,
    "num_effective_alignments_mask": 0.0,
    "secstruct_boundaries_mask": 0.12632429191427175,
    "mutual_information": 0.022850992836813303,
    "sec_structure": 0.10874160142137486,
    "phi_angles": 2649.0869399341796,
    "solv_surf_mask": 0.12587774246829422,
    "gap_matrix": 0.0319320916563368,
    "neff": 4.75127514932293,
    "alpha_mask": 0.0196512589511528,
    "log_profile_with_prior_without_gaps": 3.14113968415696,
    "pseudo_bias": 0.14002226794492995,
    "aatype": 0.045065809959512815,
    "resolution": 0.3895116920425687,
    "phi_mask": 0.02447526742447224,
    "cluster_counts": 6787067.987929725,
    "alpha_positions": 1665.8241914100677,
    "profile": 8.183116256975524,
    "reweighted_profile": 0.010791663711011706,
    "seq_length": 9192.81247845646,
    "non_gapped_profile": 0.009153442196224371,
    "profile_with_prior_without_gaps": 0.00446424299888704
  },
  "mean": {
    "position_std": 0.12096022468189817,
    "hhblits_profile_mask": 1.0,
    "sec_structure_mask": 1.0,
    "psi_mask": 0.9748895334815318,
    "target_similarity_mask": 0.0,
    "beta_positions": 20.99005088247993,
    "neff_mask": 0.0,
    "num_effective_alignments": 400.55529839330006,
    "hmm_profile": 0.153211926304504,
    "profile_mask": 1.0,
    "pseudolikelihood": -3.012634658721436e-12,
    "num_alignments": 602.2726854959117,
    "omega_angles": 22.931139699653823,
    "profile_with_prior": 0.04027897531269845,
    "pseudo_frob": -0.001850885768998105,
    "deletion_probability": 0.014778855907192487,
    "hhblits_profile": 0.045454545538154305,
    "target_similarity": 0.18593226804608698,
    "psi_angles": 37.18266274400381,
    "beta_mask": 0.9793526645648288,
    "log_profile_with_prior": -4.2974316117166795,
    "deletion_matrix": 0.07423111852040427,
    "solv_surf": 0.277705058582186,
    "omega_mask": 0.9733554430064761,
    "num_effective_alignments_mask": 0.0,
    "secstruct_boundaries_mask": 0.14832442289496933,
    "mutual_information": 0.009797767494045626,
    "sec_structure": 0.125,
    "phi_angles": -74.59058370230034,
    "solv_surf_mask": 0.8523098933693831,
    "gap_matrix": 0.12575275504919678,
    "neff": 8.666499337707956,
    "alpha_mask": 0.9799466028476299,
    "log_profile_with_prior_without_gaps": -3.8698687105069838,
    "pseudo_bias": 2.1892169751412205e-08,
    "aatype": 0.047619047619047665,
    "resolution": 1.8713106399707962,
    "phi_mask": 0.9748944443171269,
    "cluster_counts": 480.63303519105045,
    "alpha_positions": 21.040185013040574,
    "profile": -1.83225299344745,
    "reweighted_profile": 0.04545454550591641,
    "seq_length": 195.87191831425304,
    "non_gapped_profile": 0.0476190477751514,
    "profile_with_prior_without_gaps": 0.047586607228438736
  },
  "max": {
    "position_std": 265.1993713378906,
    "hhblits_profile_mask": 1,
    "sec_structure_mask": 1,
    "psi_mask": 1,
    "target_similarity_mask": 0,
    "beta_positions": 841.9959716796875,
    "neff_mask": 0,
    "num_effective_alignments": 2301.90283203125,
    "hmm_profile": 1.0,
    "profile_mask": 1,
    "pseudolikelihood": null,
    "num_alignments": 3777,
    "omega_angles": 180.0,
    "profile_with_prior": 0.8225716352462769,
    "pseudo_frob": 2.2543959617614746,
    "deletion_probability": 0.9983525535420099,
    "hhblits_profile": 1.0,
    "target_similarity": 1.0,
    "psi_angles": 179.9999542236328,
    "beta_mask": 1,
    "log_profile_with_prior": -0.19531970561076922,
    "deletion_matrix": 1740.0,
    "solv_surf": 2.1785714626312256,
    "omega_mask": 1,
    "num_effective_alignments_mask": 0,
    "secstruct_boundaries_mask": 1,
    "mutual_information": 2.8408586978912354,
    "sec_structure": 1,
    "phi_angles": 179.99932861328125,
    "solv_surf_mask": 1,
    "gap_matrix": 0.9997352396081546,
    "neff": 13.234700202941895,
    "alpha_mask": 1,
    "log_profile_with_prior_without_gaps": -0.19202705434952744,
    "pseudo_bias": null,
    "aatype": 1.0,
    "resolution": 4.0,
    "phi_mask": 1,
    "cluster_counts": 28783,
    "alpha_positions": 842.093994140625,
    "profile": 13.782421112060547,
    "reweighted_profile": 1.0000003576278687,
    "seq_length": 512,
    "non_gapped_profile": 1.0,
    "profile_with_prior_without_gaps": 0.8252845406532288
  },
  "min": {
    "position_std": 0.0,
    "hhblits_profile_mask": 1,
    "sec_structure_mask": 1,
    "psi_mask": 0,
    "target_similarity_mask": 0,
    "beta_positions": -503.07000732421875,
    "neff_mask": 0,
    "num_effective_alignments": 1.0,
    "hmm_profile": 0.0,
    "profile_mask": 1,
    "pseudolikelihood": null,
    "num_alignments": 1,
    "omega_angles": -180.0,
    "profile_with_prior": 5.809561116620898e-06,
    "pseudo_frob": -3.4769644737243652,
    "deletion_probability": 0.0,
    "hhblits_profile": 0.0,
    "target_similarity": 0.0,
    "psi_angles": -179.99978637695312,
    "beta_mask": 0,
    "log_profile_with_prior": -12.056005529261625,
    "deletion_matrix": 0.0,
    "solv_surf": 0.0,
    "omega_mask": 0,
    "num_effective_alignments_mask": 0,
    "secstruct_boundaries_mask": 0,
    "mutual_information": -0.527903139591217,
    "sec_structure": 0,
    "phi_angles": -179.9979705810547,
    "solv_surf_mask": 0,
    "gap_matrix": 0.0,
    "neff": 1.0,
    "alpha_mask": 0,
    "log_profile_with_prior_without_gaps": -10.991030525306211,
    "pseudo_bias": null,
    "aatype": 0.0,
    "resolution": 0,
    "phi_mask": 0,
    "cluster_counts": 1,
    "alpha_positions": -502.1180114746094,
    "profile": -14.664624214172363,
    "reweighted_profile": 0.0,
    "seq_length": 11,
    "non_gapped_profile": 0.0,
    "profile_with_prior_without_gaps": 1.6852180124260485e-05
  }
}
